#{"t_start": 1595966045.5003288, "env_id": "GravitarNoFrameskip-v4"}
r,l,t
250.0,2765,78.928305
750.0,3422,191.974637
0.0,3312,299.990403
