#{"t_start": 1595966045.2794232, "env_id": "GravitarNoFrameskip-v4"}
r,l,t
350.0,2619,77.688667
100.0,2817,161.414937
350.0,2535,246.392797
250.0,2061,317.583613
