#{"t_start": 1595966045.6890762, "env_id": "GravitarNoFrameskip-v4"}
r,l,t
200.0,2978,81.028713
0.0,2409,160.652846
0.0,2501,245.1968
0.0,1536,299.015811
