#{"t_start": 1595966046.1010275, "env_id": "GravitarNoFrameskip-v4"}
r,l,t
0.0,3498,97.439139
100.0,2787,192.749815
0.0,2642,279.16155
