#{"t_start": 1595966045.490286, "env_id": "GravitarNoFrameskip-v4"}
r,l,t
0.0,2896,80.400157
0.0,2048,143.452485
0.0,2716,235.044819
0.0,1456,282.296966
