#{"t_start": 1595966046.123101, "env_id": "GravitarNoFrameskip-v4"}
r,l,t
0.0,3038,81.148326
100.0,2155,157.682421
0.0,2382,232.898438
