#{"t_start": 1595966046.002601, "env_id": "GravitarNoFrameskip-v4"}
r,l,t
350.0,2693,77.620756
250.0,3143,172.597123
0.0,2003,244.277899
0.0,1706,299.971214
