#{"t_start": 1595966046.022703, "env_id": "GravitarNoFrameskip-v4"}
r,l,t
500.0,3212,95.11926
0.0,2291,161.516083
0.0,2436,245.297042
