#{"t_start": 1595966046.1432314, "env_id": "GravitarNoFrameskip-v4"}
r,l,t
750.0,2956,80.232407
600.0,3547,195.588928
250.0,2277,277.329062
